{
  "name": "UltraWifiDuck_32MB",
  "version": "2025.11.15",
  "home_assistant_domain": "UltraWifiDuck",
  "funding_url": "https://github.com/EmileSpecialProducts/UltraWifiDuck/",
  "builds": [   
    {
      "chipFamily": "ESP32-C3",
      "parts": [
        { "path": "./esp32c3_32MB_qio/bootloader.bin", "offset": 0 },
        { "path": "./esp32c3_32MB_qio/partitions.bin", "offset": 32768 },
        { "path": "./esp32c3_32MB_qio/boot_app0.bin", "offset": 57344 },
        { "path": "./esp32c3_32MB_qio/firmware.bin", "offset": 65536 },
        { "path": "./esp32c3_32MB_qio/littlefs.bin", "offset": 2031616 }
      ]
    },   
    {
      "chipFamily": "ESP32-S2",
      "parts": [
        { "path": "./esp32s2_32MB_qio/bootloader.bin", "offset": 4096 },
        { "path": "./esp32s2_32MB_qio/partitions.bin", "offset": 32768 },
        { "path": "./esp32s2_32MB_qio/boot_app0.bin", "offset": 57344 },
        { "path": "./esp32s2_32MB_qio/firmware.bin", "offset": 65536 },
        { "path": "./esp32s2_32MB_qio/littlefs.bin", "offset": 2031616 }
      ]
    },
    {
      "chipFamily": "ESP32-S3",
      "parts": [
        { "path": "./esp32s3_32MB_qio/bootloader.bin", "offset": 0 },
        { "path": "./esp32s3_32MB_qio/partitions.bin", "offset": 32768 },
        { "path": "./esp32s3_32MB_qio/boot_app0.bin", "offset": 57344 },
        { "path": "./esp32s3_32MB_qio/firmware.bin", "offset": 65536 },
        { "path": "./esp32s3_32MB_qio/littlefs.bin", "offset": 2031616 }
      ]
    },
    {
      "chipFamily": "ESP32-C6",
      "parts": [
        { "path": "./esp32c6_32MB_qio/bootloader.bin", "offset": 0 },
        { "path": "./esp32c6_32MB_qio/partitions.bin", "offset": 32768 },
        { "path": "./esp32c6_32MB_qio/boot_app0.bin", "offset": 57344 },
        { "path": "./esp32c6_32MB_qio/firmware.bin", "offset": 65536 },
        { "path": "./esp32c6_32MB_qio/littlefs.bin", "offset": 2031616 }
      ]
    }
  ]
}